Rohan,Chapman-Davies
Matt,Graham
Brodie,Summers
James,Matheson
Madii,Himbury
Jakara,Anthony
Britteny,Cox
Claudia,Gueli
Alexander,Ferlazzo
David,Morris
Lydia,Lassila
Laura,Peel
Danielle,Scott
Samantha,Wells
Scotty,James
Kent,Callister
Nathan,Johnstone
Emily,Arthur
Holly,Crawford
Russ,Henshaw
Daniel,Greig
Daniel,Greig
Lewis,Irving
Olivier,Rochon
Catrine,Lavallee
Marc-Antoine,Gagnon
Mikael,Kingsbury
Philippe,Marquis
Chloe,Dufour-Lapointe
Justine,Dufour-Lapointe
Andi,Naude
Audrey,Robichaud
Sam,Edney
Reid,Watts
Mitchel,Malyk
Alex,Gough
Kimberley,McRae
Brooke,Apshkrum
Derek,Livingstone
Elizabeth,Hocking
Calynn,Irwin
Mercedes,Nicoll
Max,Parrot
Mark,McMorris
Tyler,Nicholson
Sebastien,Toutant
Laurie,Blouin
Brooke,Voigt
Spencer,O'Brien
Gilmore,Junio
Laruent,Dubreuil
Alex,Boisvert-Lacroix
Alexandre,St-Jean
Laruent,Dubreuil
Vincent,De Haitre
Ted-Jan,Bloemen
Kim,Boutin
Jamie,MacDonald
Kaylin,Irvine
Heather,McLean
Natalie,Geisenberger
Sven,Kramer
Sverre Lunde,Pedersen
Choi,Minjeong
Arianna,Fontana
Yara,van Kerkhof
Elise,Christie
Redmond,Gerard
Shaun,White
Ayumu,Hirano
Chloe,Kim
Jiayu,Liu
Arielle,Gold
Chris,Mazdzer
David,Gleirscher
Johannes,Ludwig
Dajana,Eitberger
Perrine,Laffont
Yulia,Galysheva
Daichi,Hara
Jamie,Anderson
Enni,Rukajarvi
Mike,Callahan
John,WithAVeryLongSurname-ThatWillExceedTheValidColumnWidth 2
Helen,Marathoner
AVeryLongWindedFirstNameThatWillExceedColumnWidth,Smith
John,Slow-Body
Grace,Less
Chuinchu,Liang
Simone,Lonely
Jose,Cristos
Trina,Rostov
Jane,Smith
Harry,Harrison
Mervin,Kraine
Isaac,Asimov
Timothy,Zhan
Colleen,Gasparac
Jennifer,French
Marcy,Brown
Fraser,Wilson
Phillis,Corn
Philip ,Country Less
What,Event
Gordon,Ford
Deidre,Bjorne
Andrew,Spanner
James,Crabbe
Neil,Oberford
David,Deleise
James,Oops
